Top queries,Clicks,Impressions,CTR,Position
crop,1,1,100%,2
ocr online,1,1,100%,19
free seo audit,0,418,0%,80.53
website seo audit,0,416,0%,77.2
seo audit tool,0,348,0%,87.37
seo audit,0,323,0%,78.83
seo site audit,0,246,0%,82.04
seo audit online,0,244,0%,80.03
seo website audit,0,243,0%,76.68
website audit tool,0,184,0%,84.48
seo audit online tool,0,136,0%,82.54
online seo audit,0,126,0%,76.21
seo checker,0,122,0%,77.43
website audit tool online,0,109,0%,84.26
seo audit website,0,105,0%,76.64
seo analyzer,0,100,0%,84.02
free website seo audit,0,99,0%,86.38
website seo audit tool,0,95,0%,88.98
free seo website audit,0,94,0%,87.61
free seo audit online,0,93,0%,82.54
seo page audit,0,92,0%,67.61
seo audit free,0,88,0%,81.41
free seo site audit,0,87,0%,88.1
free website audit,0,79,0%,84.3
audit seo online,0,78,0%,73.77
seo website audit tool,0,76,0%,90.22
seo online audit,0,75,0%,76.75
online seo checker tool,0,74,0%,78.62
seo site audit tool,0,74,0%,91.38
seo free audit,0,72,0%,84.6
seo website analyzer,0,72,0%,88.26
site seo audit free,0,69,0%,86.32
seo audit report online free,0,68,0%,87.54
seo audit tool free,0,67,0%,81.91
audit seo free,0,65,0%,80.72
seo audit tool online,0,65,0%,82.78
seo audit online free,0,65,0%,83.46
free seo audit tool,0,61,0%,81.34
website audit online,0,60,0%,72.92
seo analyzer tool,0,56,0%,82.77
seo test,0,55,0%,53.11
website seo audit online,0,55,0%,80.29
free website audit tool,0,55,0%,84.25
seo checker tool online,0,53,0%,80.96
website seo audit free,0,53,0%,85.6
free seo analysis,0,53,0%,92.13
seo assessment,0,52,0%,79.6
free audit seo,0,52,0%,81.71
seo assessment tool,0,51,0%,78.73
seo audit free online,0,51,0%,80.22
free online seo audit,0,50,0%,82.14
seo website audit free,0,48,0%,83.92
seo audit free tool,0,46,0%,83.96
site seo audit,0,46,0%,84.11
website audit online tool,0,45,0%,84.71
online website seo audit,0,43,0%,77.93
seo analyzer online,0,43,0%,86.05
seo checkup,0,41,0%,61.05
full website seo audit,0,41,0%,70.95
online website audit tool,0,41,0%,80.85
seo audit site,0,40,0%,85.03
free site seo audit,0,40,0%,86.15
audit seo tool,0,40,0%,88.85
online website audit,0,38,0%,73.84
site audit tool,0,38,0%,84.79
seo site audit free,0,38,0%,87.37
free online seo audit report,0,38,0%,90.24
seo page checker,0,37,0%,59.05
seo audit checker tool,0,37,0%,82.76
seo site audit tool free,0,37,0%,88.08
seo audit checker,0,35,0%,78.34
site audit checker,0,35,0%,79.57
free seo audit tool online,0,35,0%,86.09
seo audit for free,0,34,0%,79.65
online free seo audit,0,33,0%,82.27
seo site audit online,0,33,0%,86
site audit online,0,32,0%,72.72
seo audit report checker,0,32,0%,76.09
seo audit analysis,0,32,0%,80.41
seo audit tool free online,0,32,0%,81.16
website seo analyzer,0,32,0%,88.12
online seo audit tools,0,32,0%,89.5
website audit checker,0,31,0%,74.39
free seo audits,0,31,0%,80.84
seo audit tool online free,0,31,0%,87.35
free seo audit tools online,0,31,0%,88.55
seo analysis free,0,31,0%,94.52
seo validator,0,30,0%,80.5
free seo analyzer,0,30,0%,80.7
free online seo audit tool,0,30,0%,85.43
seo website analyzer online,0,30,0%,91.37
seo analysis report online,0,29,0%,80.69
online seo audit tool,0,29,0%,83.69
free website audit online,0,28,0%,82.07
free seo website audit tool,0,28,0%,84.71
free seo audit checker,0,27,0%,82.7
seo checkup online,0,27,0%,83
seo free audit tool,0,27,0%,84.7
seo checker website,0,26,0%,66.31
seo check,0,26,0%,75.81
seo score analyzer,0,26,0%,79.19
seo checker online,0,26,0%,81.23
free seo page audit,0,26,0%,81.96
seo analyzer free,0,26,0%,83.92
free website audit seo,0,26,0%,84.04
web seo analyzer,0,26,0%,84.73
seo website checker,0,25,0%,62.44
seo checker tool,0,25,0%,72.08
seo free site audit,0,25,0%,85.8
site audit seo,0,24,0%,67.54
seo analysis tool online,0,24,0%,80.83
seo audit report online,0,24,0%,82.33
free seo audit website,0,24,0%,86.38
seo online analysis tool,0,23,0%,81.52
seo audit website free,0,23,0%,85.13
audit seo,0,22,0%,67.45
website audit report online,0,22,0%,77.68
seo page tester,0,21,0%,49.76
seo audit tools online,0,21,0%,86.38
free online seo audit tools,0,21,0%,86.9
free site audit,0,20,0%,83.45
seo analysis audit,0,20,0%,83.9
website audit free,0,20,0%,84
audit seo website,0,18,0%,76.06
website free audit,0,18,0%,80.44
seo analysis tool,0,18,0%,82.28
free site audit online,0,18,0%,84
free seo audit of website,0,18,0%,85.5
seo page checker tool,0,17,0%,64.29
seo test gratis,0,16,0%,81.25
website seo checker online,0,15,0%,72.93
website audit tool free,0,15,0%,81.47
seo auditor,0,15,0%,84.07
website seo scanner,0,14,0%,63.21
seo optimization checker,0,14,0%,73.29
online seo checker,0,14,0%,78.79
seo audit report free,0,14,0%,83.93
seo analyzer online free,0,14,0%,84.43
website seo checker free audit & analysis,0,14,0%,86.07
free seo checker,0,13,0%,69
seo audit of website,0,13,0%,72.85
free website audit checker,0,13,0%,79.85
website seo checker,0,13,0%,81
seo tool analyzer,0,13,0%,84.69
free online seo site audit,0,13,0%,88.38
seo tool checker,0,12,0%,57.42
analyse seo website,0,12,0%,71.33
seo evaluation tool,0,12,0%,72.42
seo analysis website,0,12,0%,80
seo checkup tool,0,12,0%,87.17
seo online checker,0,11,0%,74.64
free online website seo audit,0,11,0%,83.82
website audit tools online,0,11,0%,84.64
seo analysis online free,0,11,0%,87.73
seo tools audit,0,11,0%,88.55
free seo analysis online,0,11,0%,90.45
seo tool audit,0,11,0%,90.45
audit seo online free,0,10,0%,78.3
free online website audit,0,10,0%,81.8
seo online analysis,0,10,0%,83.3
free seo website auditor,0,10,0%,84.9
free seo site audit tool,0,10,0%,91
seo-test,0,9,0%,58.89
website seo checker free,0,9,0%,60.22
seo checker tools,0,9,0%,67.33
site checker seo,0,9,0%,70.78
seo score checker,0,9,0%,77.56
seo checker site,0,9,0%,79.33
free seo analyze,0,9,0%,87.22
free online website audit tool,0,9,0%,87.89
online seo analysis tool,0,9,0%,88.67
seo analysis online tool,0,9,0%,92.44
seo tester,0,8,0%,54
seo check website,0,8,0%,59.38
full seo audit,0,8,0%,59.75
seo scan website,0,8,0%,62
website seo checker tool,0,8,0%,74.12
online site audit,0,8,0%,74.62
seo website auditor,0,8,0%,75.12
png to favicon,0,8,0%,76.12
online seo validator,0,8,0%,81.38
free site audit seo,0,8,0%,82.12
free website seo audit tool,0,8,0%,83.62
site audit free,0,8,0%,84.62
website seo analysis,0,8,0%,86.25
online site audit tool,0,8,0%,86.5
online seo analyzer,0,8,0%,89.62
seo page audit tool,0,8,0%,90.38
seo free analysis,0,8,0%,92.12
image to text ocr,0,8,0%,94.88
seo score tool,0,7,0%,47
seo site check,0,7,0%,48.86
seo audit for website,0,7,0%,50.86
seo site scanner,0,7,0%,65.57
audit seo gratis,0,7,0%,65.86
website seo check,0,7,0%,71.43
website checker for seo,0,7,0%,74.86
seo test online,0,7,0%,78.86
seo page checker online,0,7,0%,79.86
free website seo auditing tool,0,7,0%,88.14
audit seo outil,0,7,0%,92.43
website seo optimization checker,0,6,0%,63
website seo scan,0,6,0%,63.33
website checker seo,0,6,0%,67.83
seo analysis online,0,6,0%,73.67
seo checkup free,0,6,0%,78.5
web seo checker,0,6,0%,79.5
seo checker tool free,0,6,0%,80.17
website seo score analyzer,0,6,0%,80.17
website seo analysis tool,0,6,0%,81
check seo audit,0,6,0%,81.5
seo audit check,0,6,0%,82
website seo audit online free,0,6,0%,82.17
website audit free tool,0,6,0%,83.67
seo analiser,0,6,0%,84.5
site seo audit tool,0,6,0%,92.83
seo optimizer audit,0,5,0%,49.4
check website seo,0,5,0%,51.4
seo tools checker,0,5,0%,56.4
site check seo,0,5,0%,56.4
seo check a website,0,5,0%,58
website seo test,0,5,0%,58.2
seo site test,0,5,0%,61.8
test website seo score,0,5,0%,69.8
seo checker websites,0,5,0%,71.8
online seo analysis,0,5,0%,74.6
seo tester online,0,5,0%,75.8
check seo of website,0,5,0%,76.6
seo checking tool,0,5,0%,76.8
seo diagnostic online,0,5,0%,77.8
seo page analyzer,0,5,0%,79
website audit free online,0,5,0%,79.8
free web audit,0,5,0%,80.8
website audit online free,0,5,0%,80.8
online seo audit free,0,5,0%,83.2
seo online analyzer,0,5,0%,83.8
seo free analyzer,0,5,0%,84
site seo checker,0,5,0%,85
seo auditing tool,0,5,0%,86
seo checker tools online,0,5,0%,86.8
website audit seo tool,0,5,0%,91.6
seo site auditor,0,5,0%,92
seo analyzer tool online,0,5,0%,93.2
seo website check,0,4,0%,58.75
seo web page analyzer,0,4,0%,61
seo web audit,0,4,0%,62.5
seo scan online,0,4,0%,70.5
website seo score checker,0,4,0%,74.75
seo optimizer online,0,4,0%,78
seo checker free,0,4,0%,78.25
website seo audit checker,0,4,0%,78.25
seo web checker,0,4,0%,78.5
seo free checker,0,4,0%,79.25
website auditor online,0,4,0%,79.25
web page seo audit,0,4,0%,80.25
check website seo score,0,4,0%,82.5
seo online check,0,4,0%,83.25
seo audit free website,0,4,0%,83.75
seo audit test,0,4,0%,84
seo analizer,0,4,0%,84.75
free website audit tool online,0,4,0%,85
seo audit tools,0,4,0%,85.25
website seo analyzer free,0,4,0%,85.75
seo assessment test,0,4,0%,86.5
seo analyser online,0,4,0%,87.25
get a free seo audit,0,4,0%,87.75
seo analysis tool free,0,4,0%,88
website analysis seo tool,0,4,0%,93
ocr to text,0,4,0%,94.25
seo report generator online,0,4,0%,96.25
seo test site,0,3,0%,54
website seo tester,0,3,0%,56.67
seo website test,0,3,0%,61.33
free seo evaluation,0,3,0%,62.67
free seo optimization checker,0,3,0%,71.33
auditoria seo online,0,3,0%,72.33
online seo check,0,3,0%,74
website audit check,0,3,0%,75.67
check seo score,0,3,0%,76
scan seo website,0,3,0%,76
audit site seo,0,3,0%,76.33
analyze website seo,0,3,0%,77
seo score checker tool,0,3,0%,77.67
site audit online free,0,3,0%,77.67
check seo website online,0,3,0%,79
seo online checker free,0,3,0%,79
seo optimization check,0,3,0%,79
seo audit score,0,3,0%,79.33
seo check web,0,3,0%,79.33
seo checker for website,0,3,0%,79.33
seo test website online,0,3,0%,79.33
seo analysis checker,0,3,0%,80
seo audit analysis website,0,3,0%,80
seo web site audit,0,3,0%,80
free online seo test,0,3,0%,80.67
seo audit for websites,0,3,0%,80.67
seo cheker,0,3,0%,82
seo website analysis,0,3,0%,82.33
seo analyzer website,0,3,0%,82.67
website seo checkup,0,3,0%,82.67
seo analyzer tools,0,3,0%,83.33
test seo website online,0,3,0%,83.67
free seo analyzer tool,0,3,0%,84
seo check for website,0,3,0%,84
seo-audit,0,3,0%,84.33
audit website online,0,3,0%,84.67
website audit for free,0,3,0%,85
seo analyzer for website,0,3,0%,85.33
seo reports online,0,3,0%,85.33
web page seo analyzer,0,3,0%,85.67
online seo report tool,0,3,0%,86
seoanalyzer,0,3,0%,86.33
free seo audit report,0,3,0%,86.67
seo auditing tools free,0,3,0%,87
seo audit report generator,0,3,0%,90.33
seo auditing tools,0,3,0%,92
free web seo analyzer,0,3,0%,92.33
free website seo analysis,0,3,0%,93.33
seo website analyzer tool,0,3,0%,93.33
seo audit 2018,0,2,0%,44.5
seo test a website,0,2,0%,50.5
seo checkup tools,0,2,0%,63
png to favicon generator,0,2,0%,64.5
seoaudit,0,2,0%,64.5
seo check website online,0,2,0%,65
web page seo test,0,2,0%,65
check seo website,0,2,0%,65.5
seo tool test,0,2,0%,65.5
analyse seo site,0,2,0%,66
website auditing checker,0,2,0%,66.5
analyze seo site,0,2,0%,67
analyse site seo,0,2,0%,69.5
seo site audit.,0,2,0%,70.5
website seo review tool,0,2,0%,71
seo optimize test,0,2,0%,72
audit website for seo,0,2,0%,72.5
seo website scan,0,2,0%,72.5
free website seo analysis tool,0,2,0%,73
free online seo checker,0,2,0%,73.5
seo site check online,0,2,0%,73.5
seo checking,0,2,0%,74
seo audit gratuit,0,2,0%,74.5
seo scan,0,2,0%,75
seo score check online,0,2,0%,75.5
website online audit,0,2,0%,75.5
free seo page checker,0,2,0%,76
seo score calculator,0,2,0%,76
web seo check,0,2,0%,76.5
website audit test,0,2,0%,76.5
check website audit,0,2,0%,77.5
favicon to ico,0,2,0%,78
seo checker score,0,2,0%,78
seo report online,0,2,0%,78.5
free website seo checker,0,2,0%,79
website audit report online free,0,2,0%,79
search engine optimisation site audit tool,0,2,0%,79.5
seo audit report tool,0,2,0%,79.5
seo report check,0,2,0%,79.5
seo report free online,0,2,0%,79.5
check seo website free,0,2,0%,80
seo test free,0,2,0%,80.5
website seo auditor,0,2,0%,80.5
seo audit free online tool,0,2,0%,81
seo checker of website,0,2,0%,81
seo site check up,0,2,0%,81
seo check site online,0,2,0%,81.5
seo evaluation online,0,2,0%,81.5
cek seo score,0,2,0%,82
seo analytics checker,0,2,0%,82
seo site analyser,0,2,0%,82.5
seo website checker online,0,2,0%,82.5
free website auditing tool,0,2,0%,83
ico file generator online,0,2,0%,83.5
seo check tool,0,2,0%,83.5
seo score check,0,2,0%,83.5
seo site checker,0,2,0%,83.5
website free seo audit,0,2,0%,83.5
seo audit online tool free,0,2,0%,84
seo audit tool for free,0,2,0%,84.5
website audit seo free,0,2,0%,84.5
website seo test online,0,2,0%,84.5
free online site audit,0,2,0%,85
seo analyze,0,2,0%,85
free seo report,0,2,0%,85.5
online seo report,0,2,0%,85.5
seo analyz,0,2,0%,85.5
seo check online tool,0,2,0%,85.5
seo anayzer,0,2,0%,86
seo free audit tools,0,2,0%,87
site audit tool free,0,2,0%,87
website seo report generator,0,2,0%,87
free seo analyser,0,2,0%,87.5
ocr image to text,0,2,0%,87.5
seo audit report check,0,2,0%,87.5
site seo checkup,0,2,0%,87.5
free seo test,0,2,0%,88
free site audit tool,0,2,0%,88
seo analysis free online,0,2,0%,88
seo analysis tool online free,0,2,0%,88
website seo audit tools free,0,2,0%,88
website seo check tool,0,2,0%,88
free seo checker online,0,2,0%,89
seo check online,0,2,0%,89
seo site checkup,0,2,0%,89
website seo analyzer online,0,2,0%,89
free online website analysis report,0,2,0%,89.5
seo analyser tool,0,2,0%,90
seo analysis free tool online,0,2,0%,92
umbraco seo audit,0,2,0%,92.5
content seo checker,0,2,0%,93.5
website seo analysis tool free,0,2,0%,93.5
seo analysis free online tool,0,2,0%,94
free seo site analysis tool,0,2,0%,94.5
instant seo check,0,2,0%,96
seo audit tool for website,0,2,0%,96
picture to text ocr,0,2,0%,98
seo audit page,0,1,0%,34
seo scanner free,0,1,0%,42
online website seo check,0,1,0%,43
seo test website,0,1,0%,44
audit seo page,0,1,0%,45
seo testing tools,0,1,0%,45
website scan seo,0,1,0%,47
website test seo,0,1,0%,47
seo checker for websites,0,1,0%,48
seo testing tool,0,1,0%,48
seo check of website,0,1,0%,49
seocheckup,0,1,0%,52
website seo analysis tools,0,1,0%,52
seo chekup,0,1,0%,53
seo performance check,0,1,0%,53
article seo checker,0,1,0%,55
test seo,0,1,0%,55
free seo analysis tool,0,1,0%,56
seo optimize checker,0,1,0%,58
seo page analysis tool,0,1,0%,66
online seo check website,0,1,0%,68
favicon conversion,0,1,0%,69
website seo analyze,0,1,0%,69
.ico generator,0,1,0%,70
create favicon from png,0,1,0%,70
generate favicon from png,0,1,0%,70
website audit score,0,1,0%,70
check my seo score,0,1,0%,71
favicon ico generator,0,1,0%,72
seo blog checker,0,1,0%,72
site health checker,0,1,0%,72
check seo online free,0,1,0%,73
detailed seo audit,0,1,0%,73
ico generator,0,1,0%,73
html seo checker,0,1,0%,74
analyze seo online,0,1,0%,75
convert svg to image,0,1,0%,75
free seo checker tool,0,1,0%,75
free website seo score,0,1,0%,75
online ocr text recognition,0,1,0%,75
free seo check,0,1,0%,76
seo analyzer free tool,0,1,0%,76
seo site tester,0,1,0%,76
website analyzer seo,0,1,0%,76
what is seo audit tool,0,1,0%,76
audit my website seo,0,1,0%,77
checker seo,0,1,0%,77
free seo website checker,0,1,0%,77
ocr online image to text,0,1,0%,77
seo website checker tool,0,1,0%,77
analyze seo of website,0,1,0%,78
check seo web,0,1,0%,78
favicon converter,0,1,0%,78
seo check up online,0,1,0%,78
seo visibility checker,0,1,0%,78
web audit free,0,1,0%,78
website analysis free tool,0,1,0%,78
analyse my website seo,0,1,0%,79
check seo report online,0,1,0%,79
free seo score checker,0,1,0%,79
ocr text converter,0,1,0%,79
online website auditor,0,1,0%,79
website seo checker tools,0,1,0%,79
character reader online,0,1,0%,80
online seo website checker,0,1,0%,80
seo tester free,0,1,0%,80
web seo tester,0,1,0%,80
analyse website seo,0,1,0%,81
check page seo score,0,1,0%,81
free seo ranking report,0,1,0%,81
generate ico,0,1,0%,81
score seo site,0,1,0%,81
seo assesment test,0,1,0%,81
seo checkers,0,1,0%,81
seo checking website,0,1,0%,81
seo report seo toolbox,0,1,0%,81
seo site checker tool,0,1,0%,81
seo web test,0,1,0%,81
site seo tester,0,1,0%,81
website seo score test,0,1,0%,81
check website seo online,0,1,0%,82
free seo report scan,0,1,0%,82
online seo checker free,0,1,0%,82
search engine optimisation site auditing tool,0,1,0%,82
seo analysis tool free online,0,1,0%,82
seo analytics free,0,1,0%,82
seo audit tools free,0,1,0%,82
seo checker online free,0,1,0%,82
seo health checker,0,1,0%,82
seo page test,0,1,0%,82
seo website check online,0,1,0%,82
seo. audit.,0,1,0%,82
technical seo audit online free,0,1,0%,82
website analysis checker,0,1,0%,82
website seo report free,0,1,0%,82
website seo report online,0,1,0%,82
check seo quality,0,1,0%,83
seo analyizer,0,1,0%,83
seo anlyzer,0,1,0%,83
seo anylizer,0,1,0%,83
seo health check tool,0,1,0%,83
website seo audit tools,0,1,0%,83
free seo score,0,1,0%,84
free website analysis,0,1,0%,84
online seo test,0,1,0%,84
seo analayzer,0,1,0%,84
seo analyzator,0,1,0%,84
seo site check tool,0,1,0%,84
seo site scan,0,1,0%,84
seo toolbox seo report,0,1,0%,84
site seo analysis tool,0,1,0%,84
free online seo report,0,1,0%,85
instant seo audit,0,1,0%,85
remove background svg,0,1,0%,85
seo analyer,0,1,0%,85
seo analyszer,0,1,0%,85
website seo health check,0,1,0%,85
free seo auditing tool,0,1,0%,86
free website audit for seo,0,1,0%,86
online seo testing tool,0,1,0%,86
seo audit my site,0,1,0%,86
seo checker free online,0,1,0%,86
seo site checker free,0,1,0%,86
test seo online,0,1,0%,86
website analysis free,0,1,0%,86
free seo site checker,0,1,0%,87
seo analyser,0,1,0%,87
seo analyzer page,0,1,0%,87
seo analyzer site,0,1,0%,87
seo site audit free tool,0,1,0%,87
seo website check up,0,1,0%,87
test site seo online,0,1,0%,87
web seo check online,0,1,0%,87
website seo analysis free,0,1,0%,87
website seo check online,0,1,0%,87
free website seo report,0,1,0%,88
make image square,0,1,0%,88
seo analyze online,0,1,0%,88
seo analyzer free online,0,1,0%,88
seo check up site,0,1,0%,88
seo page analyser,0,1,0%,88
seo tool box,0,1,0%,88
seo validation,0,1,0%,88
seo validator online,0,1,0%,88
free online seo report tool,0,1,0%,89
seo rating test,0,1,0%,89
seo site analyzer online,0,1,0%,89
site seo checker online,0,1,0%,89
text recognition online free,0,1,0%,89
content audit tool free,0,1,0%,90
free seo analyzer online,0,1,0%,90
free site auditor,0,1,0%,90
seo analysis tools free,0,1,0%,90
seo validation online,0,1,0%,90
seo website analysis online,0,1,0%,90
website audit free tools,0,1,0%,90
website auditor free,0,1,0%,90
free seo site analysis,0,1,0%,91
free seo site auditor,0,1,0%,91
seo report free,0,1,0%,91
seo report generator,0,1,0%,91
seo site analyzer,0,1,0%,91
seo verification online,0,1,0%,91
website seo analyzer tool,0,1,0%,91
free seo report analysis,0,1,0%,92
online seo checkup,0,1,0%,92
seo audit free tools,0,1,0%,92
website audit tool for seo,0,1,0%,92
website audit tools free,0,1,0%,92
free seo scan,0,1,0%,93
website auditor tool online,0,1,0%,93
seo sudit,0,1,0%,94
site seo analysis,0,1,0%,94
web seo analysis free,0,1,0%,94
seo toolbox free,0,1,0%,95
text ocr,0,1,0%,95
free website seo analysis report,0,1,0%,96
text recognition converter,0,1,0%,97
remove watermark from photo online free,0,1,0%,98
watermark eraser online,0,1,0%,98
free seo analysis tool online,0,1,0%,99
seo site auditing tools,0,1,0%,99
text to ocr,0,1,0%,99
online seo analyzer tool,0,1,0%,100
seo site audit tools,0,1,0%,100
seo аудит онлайн,0,1,0%,100
seo audit checker online free,0,1,0%,104
free seo audit report generator,0,1,0%,175
site audit free tools,0,1,0%,199