URL,Last crawled
https://www.webtoolkitbox.com/image-resizer,2026-08-18
https://www.webtoolkitbox.com/image-trimmer,2026-08-18
https://www.webtoolkitbox.com/image-upscaler,2026-08-17
https://www.webtoolkitbox.com/watermark-remover,2026-08-17
https://www.webtoolkitbox.com/id-card-merger,2026-08-16
https://www.webtoolkitbox.com/overlay-images,2026-08-16
https://www.webtoolkitbox.com/how-to-compress-image-for-government-job-exam-application,2026-08-16
https://www.webtoolkitbox.com/passport-photo-maker,2026-08-16
https://www.webtoolkitbox.com/size-manager,2026-08-16
https://www.webtoolkitbox.com/svg-to-image,2026-08-14
https://www.webtoolkitbox.com/how-to-resize-images-to-custom-pixel-dimensions,2026-08-11
https://www.webtoolkitbox.com/how-to-convert-heic-to-png-iphone,2026-08-08
https://www.webtoolkitbox.com/square-image-maker,2026-07-30
https://www.webtoolkitbox.com/image-to-text-ocr,2026-07-30
https://www.webtoolkitbox.com/image-cropper,2026-07-29